{"cameraMode":{"drawMode":0,"name":"Shaded","section":"Shading Mode"},"sceneLighting":false,"audioPlay":false,"sceneViewState":{"showFog":true,"showMaterialUpdate":false,"showSkybox":true,"showFlares":true,"showImageEffects":true,"showParticleSystems":true},"in2DMode":false,"pivot":{"x":-236.1624298095703,"y":-2.2288448810577394,"z":-171.30987548828126},"rotation":{"x":0.00028861474129371345,"y":-0.5742456912994385,"z":0.00019959041674155742,"w":0.8186882734298706},"size":187.03973388671876,"orthographic":false}