{"cameraMode":{"drawMode":0,"name":"Shaded","section":"Shading Mode"},"sceneLighting":false,"audioPlay":false,"sceneViewState":{"showFog":true,"showMaterialUpdate":false,"showSkybox":true,"showFlares":true,"showImageEffects":true,"showParticleSystems":true},"in2DMode":false,"pivot":{"x":-1085.6776123046875,"y":82.1605224609375,"z":-66.3834457397461},"rotation":{"x":-0.268126904964447,"y":0.06648902595043183,"z":-0.016354624181985856,"w":-0.9613569378852844},"size":9.041820526123047,"orthographic":false}